<?xml version="1.0" encoding="UTF-8"?>
<project-private xmlns="http://www.netbeans.org/ns/project-private/1">
    <editor-bookmarks xmlns="http://www.netbeans.org/ns/editor-bookmarks/2" lastBookmarkId="0"/>
    <open-files xmlns="http://www.netbeans.org/ns/projectui-open-files/2">
        <group>
            <file>file:/C:/Users/gabriel%20gonzalez/Documents/NetBeansProjects/PROYECTO_RESTAURANTE/src/proyecto_restaurante/Formularios/Vistas/RegistroEmpleados.java</file>
            <file>file:/C:/Users/gabriel%20gonzalez/Documents/NetBeansProjects/PROYECTO_RESTAURANTE/src/proyecto_restaurante/Formularios/Empleados.java</file>
            <file>file:/C:/Users/gabriel%20gonzalez/Documents/NetBeansProjects/PROYECTO_RESTAURANTE/src/proyecto_restaurante/Formularios/ModificarEmpleados.java</file>
        </group>
    </open-files>
</project-private>
